104.93006266825216,-0.09586850380684808,0.0
92.14717299036671,20.464174145987098,0.0
104.63542168931309,3.316754189844443,0.0
88.63535801018416,5.333425927226371,0.0
104.98267369089729,5.09214199973154,0.0
106.62579181088569,9.677223019296942,0.0
111.87906262048898,0.10872758029061003,0.0
92.62769585704659,-1.9276793800725467,0.0
91.41563231134239,-3.262405861477296,0.0
100.59316970761542,2.7246912957415304,0.0
93.61185265635305,8.385830117267968,0.0
97.09531075134258,15.244746550727742,0.0
107.10833647163129,-4.520443665928047,0.0
105.51257375894949,-12.977563764690963,0.0
106.7290097026649,15.038482931650227,0.0
96.46376444178803,6.02862332523444,0.0
93.33193412642008,2.0167821553553544,0.0
105.363802831772,16.42658283211422,0.0
108.70298787089601,-4.876453683534235,0.0
91.25702398799498,6.725705527171581,0.0
99.92871792516459,6.468998030462408,0.0
100.44258154950055,8.582976731839379,0.0
94.08710299103888,14.779606811716155,0.0
102.615580888366,3.8761979801701374,0.0
102.44444196253144,-19.037475225993198,0.0
83.40672505034607,-13.453494188170481,0.0
94.49098186839073,5.037304695381918,0.0
98.66651082282027,10.391169762869334,0.0
96.1115766097678,8.220214230403277,0.0
104.18275102162511,-0.08884062174314233,0.0
109.12482970823673,4.742497899289331,0.0
97.06345616444676,-5.728275608189732,0.0
104.13405886766395,-6.487222811035824,0.0
103.07303901757781,-0.39501853712044266,0.0
98.07792708701044,3.443048635891331,0.0
100.01989664333506,3.0081346126749025,0.0
95.64356809858646,-3.6245743334594716,0.0
91.68637110071526,4.2443355812096275,0.0
99.61546998389761,-3.8081569098607204,0.0
94.63662649798135,-2.5671079340557474,0.0
94.96770958012995,0.9964898605729494,0.0
100.38907782607187,4.233415089725355,0.0
103.74077829692074,-5.534352822591921,0.0
109.98974516027032,0.32006463666652785,0.0
83.72823411849171,6.996130317187479,0.0
100.29726324987992,-5.427242625973857,0.0
96.97863295100852,9.415508675348555,0.0
99.7822917479746,6.036112886331979,0.0
101.87387574197268,2.683882054102649,0.0
98.63617517615786,7.739229099180346,0.0
108.98250542346396,-12.642347396853063,0.0
102.93133959612109,-3.8896553588133784,0.0
106.97308924039001,-6.091310774603768,0.0
100.1363155263496,0.47924534792135487,0.0
100.59264072787649,-7.561197242989646,0.0
98.63696953264794,-3.244615144631246,0.0
112.25181006118129,-4.132689985949865,0.0
89.68046038072487,4.215079629865723,0.0
93.53449806032089,11.369858743114392,0.0
97.32834548714084,7.567581549960051,0.0
98.42053919865904,15.380015048339931,0.0
104.24512449337924,2.446171192233983,0.0
99.2298948334825,1.5933991256850133,0.0
98.31824202315393,2.3712116755617485,0.0
100.35076198954776,15.288219024014339,0.0
105.80860256646773,11.673904433721827,0.0
100.02949507210025,1.469793312555006,0.0
100.6052862932676,-4.036183852142019,0.0
101.32723415937525,13.690474705448821,0.0
97.95513204793224,-13.803816178134962,0.0
100.41438754963492,5.767656914774643,0.0
105.86381463940658,-2.2254953748682587,0.0
99.30133788816526,10.043212755383278,0.0
93.60205390729556,11.695582475104658,0.0
105.1530767965742,-6.967651811559945,0.0
100.26727226694787,7.720019070854278,0.0
102.99272729980545,10.213466979958863,0.0
104.38279420847127,4.74909880496857,0.0
93.21611407305488,-3.3873227929758727,0.0
104.57345360668582,-9.518867978457347,0.0
106.43836950965266,6.579404854715838,0.0
106.1543040010523,5.384546846699088,0.0
96.44844835544801,-3.814661033133153,0.0
93.43536129351747,1.7189600355544807,0.0
105.27232016573056,-2.9585109375827847,0.0
106.93455888623726,-3.205519355973154,0.0
109.83606273250184,12.321910544727114,0.0
99.05864773838452,6.252668516735535,0.0
106.01782014495646,-0.37536575147453255,0.0
100.3291546081174,1.3538242759247179,0.0
99.88062658478752,-5.868249014287381,0.0
96.77387023647606,2.4058858315350875,0.0
104.13325749090579,-3.9621576825149303,0.0
94.43956244229625,1.2079384431816838,0.0
99.20392320359193,10.680322735504163,0.0
97.97377749798075,0.5505331530490534,0.0
96.50487174773376,-1.7718599235167893,0.0
95.5563137193607,8.38508121205534,0.0
97.4356493645888,-3.1108387209726036,0.0
99.83300290548776,-7.165070882330646,0.0
100.04338265438918,-4.983972198266714,0.0
104.70066839418855,4.4915215178356185,0.0
98.95227549769687,-6.593465433692072,0.0
110.22900404229766,1.4540923961039343,0.0
103.01847659162534,13.523814863532937,0.0
90.36249834304986,-7.119155338955341,0.0
99.85744144908058,2.577500333297591,0.0
98.22492019196592,5.082002354330694,0.0
101.65898926220402,4.876054164795324,0.0
95.58608677683085,7.163874654975688,0.0
99.33840366199927,5.619073884854171,0.0
97.8592203679434,1.0825931426770266,0.0
109.34976028490227,9.851862990700814,0.0
102.80697580144083,5.370298703884288,0.0
98.87061228865078,-5.107669038762714,0.0
102.38982765822978,-6.251283155550938,0.0
103.6517893917203,-15.605544095573816,0.0
101.0116962306471,-5.679948322929176,0.0
100.24907147961105,-2.5451952228421484,0.0
95.95775867145683,8.127137049274523,0.0
98.88064141350105,-3.8419728674510525,0.0
97.963477987488,-8.072509759195636,0.0
97.17693245555947,-1.5788238773461907,0.0
98.05146640328799,2.078292411416327,0.0
110.89840072261916,-5.420688141218782,0.0
102.61838226903015,5.172645291736863,0.0
97.41989638534642,5.262433421570384,0.0
101.93107421550326,-9.425803451237663,0.0
97.22567521322019,-3.7597936774085934,0.0
100.79513237764675,3.1336602548798393,0.0
91.71647617980331,5.355976656811087,0.0
101.0746914250129,-5.58751993481594,0.0
97.63686429825644,-3.0989317321023337,0.0
98.99490402716073,-3.361146738562847,0.0
98.71771662202244,-2.9754764854830387,0.0
95.5587929392817,4.2978222061763045,0.0
108.95535891853788,7.874410100501899,0.0
99.46988700291494,-3.5130180430276923,0.0
88.88422604532559,-1.4946938905161424,0.0
100.27509466702891,7.875447317323688,0.0
95.05585858884962,-7.365165673790392,0.0
97.53587537287666,-8.301920166335174,0.0
99.13429309360176,2.3361320047244085,0.0
96.81285767351005,7.454746089120575,0.0
102.3837691963565,-4.589485362118031,0.0
106.18689427634598,-5.352157416251573,0.0
98.53032907754893,2.155459900891201,0.0
101.20330041317007,5.534603577612232,0.0
96.98182728899539,3.1383204530731357,0.0
105.76744859242977,0.9458913841652667,0.0
108.98865715953815,9.239357211220781,0.0
96.91587399172921,-6.229704112967735,0.0
102.68459839018651,-9.069572619291275,0.0
103.6062898536792,10.951580664315422,0.0
103.59088110237124,-8.364849053907964,0.0
107.90559441164336,0.5510605993707758,0.0
90.8973782481661,18.05185641370343,0.0
96.46428836690392,5.021374008112559,0.0
99.33165745073933,-9.382105470368804,0.0
93.90654119661512,1.4630593640386076,0.0
107.54620773644268,7.421892077715668,0.0
109.45540704233744,-10.033557460671926,0.0
99.63499228183646,-5.459522828217969,0.0
99.23943173721996,-2.686160442077968,0.0
98.83963510202663,11.009019977789597,0.0
91.68933475748806,3.8486272810777127,0.0
102.92798646660023,-1.0888898575638688,0.0
105.07790918114843,-2.5166469423417634,0.0
89.05503015955327,1.053774002452507,0.0
95.61648807038138,4.270720069560763,0.0
102.00333295294793,3.837783563232571,0.0
103.64500220490729,10.455743282213602,0.0
88.90666365627065,-5.186850256273454,0.0
104.796633155035,-5.069759359658979,0.0
99.49158099192347,11.49508468012135,0.0
93.79766957445793,-2.059296134897201,0.0
92.43469220734335,-3.3899856696417174,0.0
105.17419747411293,1.2258484908627565,0.0
101.0212774312449,5.288512675171396,0.0
97.09897485203057,4.648298263596355,0.0
101.29999122189517,1.6232589901064314,0.0
102.86032544543872,6.794816500630837,0.0
103.66093523503648,-10.727045627815958,0.0
96.36090096719644,4.446893832861552,0.0
97.68512650907545,5.191608091007609,0.0
107.44732603000051,-1.6555159078476094,0.0
92.459008729091,-1.1583214236515187,0.0
99.90241635607917,3.8200026259649715,0.0
91.03878439441672,-6.744175196927426,0.0
101.10126185777543,7.369944538514012,0.0
99.92325597313895,-2.251923538313125,0.0
95.92872164266163,0.8992507844177737,0.0
98.61715935375334,-3.6323984471201873,0.0
103.50718929662995,7.774333161390459,0.0
103.76307111400334,3.659878015781204,0.0
107.81570292994523,-0.15272523900080515,0.0
98.84877674797288,5.86446275393611,0.0
92.80846369568931,0.28885868920116853,0.0
96.82313383949355,1.9049698095406304,0.0
103.29784207249553,12.064827718380423,0.0
99.96629510559231,6.041620521559735,0.0
104.1147482068266,-15.656220404274698,0.0
105.76082057589184,2.0530309035558734,0.0
98.02977118177485,4.414223057723283,0.0
95.3871776443967,2.789996475169298,0.0
100.8144978437311,-1.9658248302465804,0.0
102.4104127975248,1.1999581573120213,0.0
102.89881556630098,7.36675972767315,0.0
96.07838389209722,-2.6099048326184375,0.0
100.75478205918905,10.740474143299426,0.0
99.93491682787361,-3.800932000604438,0.0
103.86541902460311,-5.1699247087620925,0.0
100.44376980977366,1.3165765527711901,0.0
94.80606822115973,-3.9670275281854597,0.0
112.22348015752772,-8.644397561500051,0.0
98.29136452224769,18.895232757909504,0.0
93.64848346399697,4.332688116861055,0.0
103.45073352479808,-0.48656454226240675,0.0
106.53446317336393,15.623273116497922,0.0
97.12054517418665,4.295528829846017,0.0
100.82074663661496,0.2824169889357525,0.0
100.34452335193565,11.43724999592824,0.0
98.6190019374089,1.4594393889923174,0.0
97.72100916248563,14.909237654477696,0.0
102.12145693649944,-1.5622860766475504,0.0
94.75122674302918,7.585361179168926,0.0
104.70991560790216,-0.33569855858349307,0.0
92.28644286229937,3.4132995976662834,0.0
106.08950864173033,-6.725942611021031,0.0
96.21673420890025,2.1322619203632796,0.0
110.00030208191174,-5.282387342690248,0.0
93.9875299543887,-11.87421318936575,0.0
99.85614295735188,2.155652622289538,0.0
103.63574837273814,3.164930272137103,0.0
97.93942375052775,2.861937127585591,0.0
102.74513101851547,4.614772208964851,0.0
93.46744808199493,-1.5022696146194123,0.0
102.39716755734662,-2.2003949770940836,0.0
107.77371006113113,13.738473379936934,0.0
100.97194430504874,-1.989626001749357,0.0
101.61353133709879,-1.1368468542790868,0.0
100.85755980468075,-3.93829599203755,0.0
99.06548736661975,7.264563943913845,0.0
100.61734255637886,-1.54873717073675,0.0
104.28320152137512,2.8908967046433616,0.0
102.53825100915438,-2.349090112196953,0.0
108.20171689153291,-8.70247529458536,0.0
99.21707352045259,0.3216507348826326,0.0
102.3255238247475,16.66278552711941,0.0
99.79856322157927,9.212567794411333,0.0
94.6944002482472,15.199593126247038,0.0
108.9303228172162,7.598648506109851,0.0
92.32671630661699,6.5145395747673405,0.0
101.01532863307871,11.155693617452107,0.0
105.09662998265419,17.211022188550285,0.0
98.91848872182875,5.519974254973054,0.0
113.17440648583454,2.059478227422792,0.0
95.18379491465862,0.24890968736107488,0.0
98.92747643436158,6.090664340535278,0.0
97.86943265272298,-1.5031934406683525,0.0
98.00700199914,9.324520449593608,0.0
100.6872375242312,-5.5063412969300725,0.0
101.87477909182793,-4.783578101482374,0.0
96.08019637710882,2.389227476819391,0.0
97.29912412502125,-0.6241982761018909,0.0
103.34250966883162,-3.4016976638772745,0.0
101.06847018714002,5.982112432038999,0.0
99.36640076039181,-4.234290264885221,0.0
107.09702263667707,2.3848883316461587,0.0
103.53711759695712,-5.351976791317378,0.0
97.30066081441355,-9.711268119533344,0.0
106.4200503366868,6.899193357899107,0.0
100.13241821248005,4.946370565711735,0.0
100.35445758256108,2.5625476114468198,0.0
92.21923707761285,5.697240396302477,0.0
100.82399054810331,-2.178686465759851,0.0
106.99013251749541,10.671583744907501,0.0
91.77931729977774,-0.16976492541012767,0.0
99.69482933345287,-6.709936673731152,0.0
98.85672865841984,5.3917810488956075,0.0
110.67589833244065,1.1476015353756441,0.0
97.10959947471474,1.298023067048915,0.0
102.7275057428944,13.713095849295781,0.0
92.90121408519607,7.267344177589226,0.0
106.90467841944339,-3.5255889317461566,0.0
98.75630580332164,9.455557617726928,0.0
103.00530193204499,-3.051821641165928,0.0
99.28053363273608,-15.777507260321094,0.0
98.84656392964791,-5.093764752666441,0.0
100.11407993368574,-2.9522050690376576,0.0
105.88426265183608,-5.278345635701216,0.0
91.79149983336345,0.9742622409119136,0.0
107.01638648080375,-8.683676671904,0.0
103.87262604906083,1.2530514038697935,0.0
104.799736265458,-5.915907837768124,0.0
97.52531772415037,-8.951572496978626,0.0
97.97643996823639,-7.754823211336994,0.0
92.26303648079256,-5.795486099796425,0.0
94.06037921551659,6.402013254648822,0.0
99.76890517634624,-1.861573359089156,0.0
100.01659622612884,-3.050664354136722,0.0
101.1605562159274,8.98203129344395,0.0
96.5848441777305,-4.079950797347686,0.0
106.99134324761367,14.30570573816997,0.0
100.45081704443909,-3.0707521399772197,0.0
97.56048203548431,10.010860061858326,0.0
110.81940318976271,-5.084121877330434,0.0
99.7107863789655,1.2984059989815657,0.0
92.83313549188871,2.698308811696817,0.0
104.18707809058104,5.347426509744239,0.0
100.33407235805652,3.1095411432063096,0.0
101.4056939747225,14.558202294038944,0.0
100.59175181537383,-1.6365876972764708,0.0
104.0019815052544,-1.651862997329407,0.0
93.08050964044348,-4.8730687353690705,0.0
100.83638528418162,0.7053127373290755,0.0
93.44786261962547,-9.487385933034545,0.0
105.83126550355759,11.224120409943584,0.0
101.10144163486832,5.566984548302867,0.0
101.75795083705839,5.471974727552425,0.0
89.8254614483261,-1.5395142957682086,0.0
103.00740682583019,8.467810872750432,0.0
105.27833941235005,6.898821902612852,0.0
100.52163413649735,-2.377046788154107,0.0
94.16334878031063,0.5737181034521981,0.0
95.99947216363576,1.8086016398487885,0.0
94.54463320797691,-3.3503476464027546,0.0
104.48838449459271,4.5541349577262675,0.0
98.69998277660164,3.5491345739187414,0.0
96.52311471085196,-0.4682966495421381,0.0
105.31152009615647,-2.6500898846435934,0.0
100.3445767118403,1.034742733575826,0.0
94.33372052359067,0.7087475308012907,0.0
109.288490966973,4.346723129705897,0.0
94.36886402186,0.2805315617077826,0.0
104.15909719103036,1.3072865887961012,0.0
105.10978554792096,10.109268996968304,0.0
103.66650978772459,-2.9973662919502218,0.0
102.9640258571406,8.62046198596999,0.0
100.9640234081753,6.3567197614947,0.0
102.3515940145945,11.921504549339083,0.0
104.21115812952259,4.722993158353186,0.0
98.17693495387155,6.9563604744548675,0.0
102.27168498182873,12.085655365277919,0.0
98.9130125773253,10.15236206891084,0.0
107.12564155161368,5.346464670116501,0.0
100.94776824550195,-3.2647926353188295,0.0
108.28753728483554,9.61269699542495,0.0
99.84996683088234,-7.564381062093192,0.0
102.33749943866681,17.005813344828184,0.0
97.45403987333107,15.026435545494696,0.0
86.61265809122872,10.319626302966917,0.0
93.22876477411032,1.667463456228987,0.0
98.05336257987805,7.646804285701361,0.0
102.79819393700858,-5.016623949669344,0.0
103.66342657416153,-4.578421457170722,0.0
98.61649616293622,1.5029123857778663,0.0
96.04019865053463,5.365771545461215,0.0
104.01130454674237,-2.9357832428992516,0.0
95.67337217263221,-7.676287158538315,0.0
96.66971485602029,7.274724806843126,0.0
98.12511806846886,2.4931323963452776,0.0
107.3542153224499,1.4359688436894196,0.0
93.44344180080125,-2.832227959853328,0.0
94.37838364494294,1.7445397070435502,0.0
92.96171988168356,1.0255200626613314,0.0
96.5423658887157,-7.6793243605570005,0.0
102.68326642363664,-5.275406986516731,0.0
94.94817683804555,3.71748120826928,0.0
109.5611959453289,6.952018589763881,0.0
92.73318557605683,13.899552767167325,0.0
96.24012110109061,-2.984967643613179,0.0
105.07614722520441,8.768459712896652,0.0
95.78104917382903,4.757107595244696,0.0
107.2045462774239,11.416095581994378,0.0
93.09463583302006,-2.0146691162803587,0.0
93.19996195707083,5.481568188293916,0.0
92.84543713558115,1.417440171206297,0.0
102.80186400340355,10.0648152068426,0.0
100.62027935832323,-6.008108058911779,0.0
108.49918170918528,-4.8884546352194596,0.0
101.71449528275072,-5.074992971351971,0.0
89.09565217374819,-7.938374802953575,0.0
91.83170735378542,1.3965114925770352,0.0
93.517683228545,-5.670959538649506,0.0
104.32485281237349,-6.07769311790971,0.0
99.75785777422368,7.421917372936624,0.0
101.69299429735966,-8.25504834279878,0.0
108.16744283072883,0.6979953424950815,0.0
102.25509047835948,-13.641674935109435,0.0
101.98080778082425,0.06275405723102123,0.0
99.27478445905184,-6.3304289961205376,0.0
98.30867629627213,-3.0955143297215795,0.0
93.47663733413326,1.2496626523765357,0.0
101.73301261724929,0.6704660189818714,0.0
99.75143471853622,2.0117964537295783,0.0
87.56204258034968,4.402568607510911,0.0
100.28337211876186,-10.301078328618395,0.0
107.07356934108843,1.9015440747873107,0.0
96.34196977378703,2.059493255699947,0.0
100.16597138333056,-7.402363819335186,0.0
105.44445335242534,-8.952554632053376,0.0
101.03595978117784,-0.11823104662287665,0.0
97.01548286720708,9.06115818838138,0.0
102.00182920861552,5.091154450331845,0.0
97.66033999174144,-14.864191408736296,0.0
112.18203602271502,1.7064087916777713,0.0
103.79915510371328,-6.613950181169118,0.0
91.69890753846695,-4.316875110444291,0.0
103.7173060647051,-4.155641060298598,0.0
105.32449999629482,1.9276959361358348,0.0
105.17442546827027,-9.845874141536084,0.0
101.23072004268023,1.981914926922407,0.0
93.78396088212969,13.79101428965245,0.0
95.13799428021522,17.232288613898717,0.0
101.73526634010781,1.3339607676680223,0.0
100.30186234585005,0.7877199504366647,0.0
104.47366034892983,-2.367188935684048,0.0
108.2511301642277,1.9580094337455343,0.0
99.09498534533965,-4.676588813239041,0.0
95.78888130707307,-7.398810426732963,0.0
98.28723963922373,3.452818905089469,0.0
89.8060968261072,3.8500319454130496,0.0
100.23287990135739,-7.671322328763537,0.0
97.40401632112382,-6.1705534467201755,0.0
96.38027293200703,-8.137040780849967,0.0
98.20147316461139,-11.333431441871923,0.0
105.0444306531352,6.634855983789561,0.0
91.29776581041656,0.8926733439169428,0.0
103.1558891346874,5.4256351828031315,0.0
102.19924980000886,-9.085030033522328,0.0
101.8275721218492,-3.5529118833852964,0.0
96.36826905589514,-13.173623002757665,0.0
93.94162026260008,10.82073118188041,0.0
100.3904989402834,-11.435167966421533,0.0
99.81435074643099,-11.255058620994703,0.0
101.9789530019097,3.811178697117504,0.0
98.9119530233677,0.014105325830052529,0.0
98.23060401715313,-4.709119696259837,0.0
104.78286461563891,1.760669777434631,0.0
104.62396636345181,-7.583030570978405,0.0
99.48551239639279,-14.489109840150263,0.0
101.09304287331243,11.629542479545814,0.0
101.41542409543598,-7.92714118866142,0.0
99.4980080496674,-12.230788379545292,0.0
97.87381997188984,9.94902308447608,0.0
87.283548067886,4.965508833850352,0.0
100.6613149536244,-8.563620007046081,0.0
98.74526249306945,0.15753653623773278,0.0
107.78188077016182,11.082131720206547,0.0
101.67375038118125,-4.305088240678533,0.0
98.11692872534508,7.6624407024251,0.0
99.76680121643744,9.160104736394178,0.0
104.25548606304636,-0.005492660402736549,0.0
102.73575877874713,-1.0402482375447657,0.0
90.69050124083977,5.111903985506028,0.0
100.58293773106533,-3.750115094890748,0.0
105.81257181996712,0.9858391789200052,0.0
97.14620557590908,-10.784190724474186,0.0
93.49813831364088,-1.5475430685991607,0.0
94.77483301260517,5.522982601336629,0.0
100.19448722725897,2.223850874873483,0.0
97.87388919668311,0.9822951159937457,0.0
101.7519934200275,4.684480855427243,0.0
102.75069870567897,1.14714467276513,0.0
96.48561613049743,-1.056665069117821,0.0
99.80907977165862,7.400936180952383,0.0
93.05992995517845,-11.262025108115145,0.0
100.7304063310223,-6.506255069651358,0.0
93.90534885650321,-6.652426031542307,0.0
88.87296491105971,1.0004729113883324,0.0
105.66636813257115,12.9880640032326,0.0
108.02383063608283,5.669465389007818,0.0
98.45376507963796,9.172609427674736,0.0
89.76012345651742,-4.751840817570725,0.0
99.3733765884999,-6.100322892921741,0.0
104.21938464329095,11.50410850869412,0.0
97.79384631604958,11.82260660908943,0.0
91.561907760397,-1.3177696105773906,0.0
92.19651239580057,9.26261870885568,0.0
106.92165230313196,6.719486586144013,0.0
106.44359923479259,3.4292354684894004,0.0
99.1546705777608,-8.561670130723966,0.0
102.67457783380927,5.245196599570019,0.0
98.73439567971043,12.769405065213713,0.0
101.93064835497754,-11.66611228690591,0.0
99.81404458640661,2.528995639350438,0.0
100.76347815760792,6.656145405596964,0.0
99.17109229535592,5.847080143495696,0.0
103.61883728120986,2.3167369855538618,0.0
107.51082365239454,-5.933547970454393,0.0
98.23444006888685,8.309559747776301,0.0
99.82229929661221,2.6986087676507005,0.0
99.97933084809968,3.31663717044414,0.0
92.70389268810212,-1.8340868000973476,0.0
96.50991417629183,3.90129794979964,0.0
104.86134366747565,-0.2990181007228139,0.0
91.49380014548692,-5.951559014224084,0.0
96.72059447743605,16.263591135101223,0.0
101.41355581795186,-11.022711161684366,0.0
82.83691056468032,100.41031195765508,1.0
120.38166994424725,99.905039825945,1.0
73.77354833435531,94.35984576720801,1.0
88.31964593422316,108.10892305010135,1.0
136.89591610298007,99.68785759132042,1.0
111.13799011289724,102.08841031095882,1.0
157.69715111603037,113.73367382228201,1.0
14.072738364543554,117.07491504379838,1.0
144.41376142979018,95.64144398853348,1.0
76.19435942963112,109.36604438254047,1.0
128.20005321114658,87.3168380352343,1.0
127.4235219164329,111.01180697821415,1.0
54.77726883966165,105.63622266096482,1.0
70.14337053689712,104.40733623609582,1.0
140.65420468078338,98.63700952560217,1.0
82.74019300212531,98.52481603765762,1.0
123.80437227165227,90.56839606338082,1.0
126.79481528674074,102.0948574326602,1.0
89.90776127383373,90.84791232416597,1.0
100.03643565903316,95.90143549183074,1.0
108.06601010034443,105.157863616469,1.0
111.08227729328888,101.80027449585207,1.0
122.64758984079049,91.40917108284934,1.0
104.88485103877538,102.5806301403432,1.0
79.30754694116666,97.076716876036,1.0
80.6662393277207,88.6377273492642,1.0
75.38114854084314,104.93370342038851,1.0
121.58290044398763,87.18940972705425,1.0
64.54992798492839,99.55312185505768,1.0
142.8555897203992,80.27409445204171,1.0
88.22061009370968,90.98016041564584,1.0
80.33139107369846,98.13257010204231,1.0
74.26464586261835,110.46794498504383,1.0
124.44638570569728,104.16068663358008,1.0
156.0660182566611,102.12066940158867,1.0
116.12856058256264,107.72972083633178,1.0
153.1176506307971,84.43966730244415,1.0
41.80891530132724,92.73209023208038,1.0
76.41268271180157,82.10216590798422,1.0
153.6350345732207,87.12827575651644,1.0
121.80078226864649,90.31292337294828,1.0
113.15658274563681,107.12965066351711,1.0
141.9840667496262,107.15271075203478,1.0
64.13967232654113,115.74066998975199,1.0
110.43528620348523,99.46295947139157,1.0
87.80505608876018,103.26247382623826,1.0
165.65703092999098,102.9058772710318,1.0
87.2070382909651,111.83818228741262,1.0
148.2907877420418,89.82666300070122,1.0
170.4060362706452,111.34724693349432,1.0
129.57308059274828,84.76560352635224,1.0
129.19860020574592,118.07098291832915,1.0
90.46989129632713,108.25140931628306,1.0
109.73664129639604,123.19073970543366,1.0
80.21017528616173,101.64584406038357,1.0
92.82436147796692,114.85320696991485,1.0
67.05863637721205,88.9914375053126,1.0
122.04475367781015,89.66745297216367,1.0
57.58110852359464,98.46734819485897,1.0
79.70941094657675,85.18181339663862,1.0
126.63366535188379,103.59738802531788,1.0
139.77450518757297,96.78708652911779,1.0
130.31713945532084,93.10943134182031,1.0
76.04858463132106,96.24770458938349,1.0
36.89862423766104,101.97762031700306,1.0
105.64462613464671,102.23131607104331,1.0
87.45471453385792,108.17215508318492,1.0
126.12478429672754,100.40710224192595,1.0
149.42215342878833,115.66764639782204,1.0
127.11209340812353,106.15157816584313,1.0
134.0889667784632,106.1096256954186,1.0
159.4681560618754,112.42435970557307,1.0
133.05003181546365,104.77861356260296,1.0
136.4597213422813,103.25122083439945,1.0
83.76629820335124,103.06106496220032,1.0
67.60911595633269,98.39282645162226,1.0
99.17128706310062,81.29144433713124,1.0
82.72142977414718,103.66490242658678,1.0
129.26834198755827,103.38835382634484,1.0
82.93028303874156,80.8133849566155,1.0
74.87973621101433,105.21998075784572,1.0
77.092388774779,109.1376243088246,1.0
88.24750434074848,77.28250063527234,1.0
115.1424994244317,121.59017758331004,1.0
69.29524283581978,109.00634479523671,1.0
99.04582520762993,110.06067018802678,1.0
131.5021405400932,89.28006331559901,1.0
139.54203324781616,97.09836672277784,1.0
156.6639572031834,92.84608073664059,1.0
142.55882845622085,77.51407252123134,1.0
68.1658474295104,106.3729425679729,1.0
46.83179646400916,116.92434205501323,1.0
106.43043435302752,107.02705926207312,1.0
123.679238670047,94.19295521439696,1.0
116.29220396601971,105.45084340014876,1.0
114.01643473124241,91.49728633834766,1.0
77.31093439668565,103.48114140162158,1.0
120.033961159169,87.37836489533424,1.0
117.30804529398746,110.12255631196616,1.0
88.45015362375595,99.6727003797764,1.0
152.0053657969763,94.27922910442341,1.0
100.83026430880929,116.38734643483659,1.0
115.06538569571708,99.23795869586867,1.0
98.07803594882071,109.25063882462467,1.0
86.2815964080713,84.41040383042176,1.0
126.68759504040734,103.32319236335802,1.0
10.109587473517067,105.79475978194355,1.0
111.98979122253496,109.38791424555222,1.0
105.34675917384048,81.70396671644093,1.0
81.98311824245145,84.85214671515108,1.0
55.50956075904972,103.28739374696637,1.0
139.96705553948397,91.40585862729897,1.0
93.39613089012647,93.72118736598074,1.0
160.42860175913165,87.31202022420788,1.0
44.80792240246117,95.68998256841508,1.0
48.576446011389,106.86194868653973,1.0
100.43433959377971,105.82431127520702,1.0
49.26741964712684,99.57281673715296,1.0
86.96311290259209,87.93239100453222,1.0
67.86478523804607,120.73449937986958,1.0
95.34072231369609,104.05544651599953,1.0
42.755958404652645,90.8140349764801,1.0
143.90136655984426,102.90172360679244,1.0
124.35342439601328,111.50909188642655,1.0
57.643558372408066,92.5241084413874,1.0
73.09642776653037,104.19437321018262,1.0
102.26117304812936,102.35287452319524,1.0
139.6557046010139,103.65820064417827,1.0
87.64948660572367,101.78593500429156,1.0
61.49906439429351,94.68067692187344,1.0
142.1459362645958,78.45245173390093,1.0
140.16834437272593,95.7259691908779,1.0
64.81636461354515,79.7843270744468,1.0
106.99518774985901,121.94319647513709,1.0
85.82688204294689,100.76785699571357,1.0
106.50563034371417,111.75892527841248,1.0
80.82421330211345,109.8677216036595,1.0
58.354271662864825,100.53983753526775,1.0
112.59065884994882,109.91516937398774,1.0
58.987751204039476,93.26236349550508,1.0
128.9906084986583,78.19144260374368,1.0
89.34434881994437,96.01103165948366,1.0
79.06348422491398,100.18301555804467,1.0
93.30974073845583,117.6390422165789,1.0
133.15129900857877,113.38561913739854,1.0
49.99202549258721,82.29155511324572,1.0
76.51708970650228,105.83405909158071,1.0
127.66331307533792,108.54560399228178,1.0
87.03418860630049,95.76436562465793,1.0
162.8310923734739,112.66471783383405,1.0
106.60311586668017,90.58002809543986,1.0
110.94460389036333,108.10177086557142,1.0
33.69546619802978,128.6076236281121,1.0
183.50670136647153,99.05394606590552,1.0
96.4109052346479,101.72704692546097,1.0
85.75266663057423,116.26741546910162,1.0
80.86181619433617,87.42043385125687,1.0
132.89748500267402,105.47003538694771,1.0
87.66038655282148,92.8680877565601,1.0
105.8322452286066,112.86616274188657,1.0
145.18871064590078,108.18750111872876,1.0
105.2188728308536,105.4605128692206,1.0
130.48392249407192,98.28909376912688,1.0
160.08562270697777,95.21091696075277,1.0
127.64911798936981,120.24696065799762,1.0
170.0046139342722,109.89015648233436,1.0
90.62940470289378,98.8781859180378,1.0
75.46183769323335,104.66854112379814,1.0
130.51800878550935,102.24908053895815,1.0
60.20622041447242,102.25393235634351,1.0
104.08543878246948,100.948475158133,1.0
77.02790056922811,108.36765179421236,1.0
30.703988747559038,107.52946363942944,1.0
115.84779854237112,92.44311589442802,1.0
118.58218814746571,122.52205341582582,1.0
61.50504407790435,92.17071096101225,1.0
89.71169237263231,99.68432916031651,1.0
116.28789677666197,99.01107159456699,1.0
89.73233633380309,82.22366535848323,1.0
85.88181554279731,108.38588760989728,1.0
58.20548966793881,92.77701726228995,1.0
143.59252239396153,103.12657949874497,1.0
69.57621793613615,97.96569526485709,1.0
134.29722461759394,102.31216503663477,1.0
98.02032720242059,97.24480737928725,1.0
107.51639573646632,98.50871982328248,1.0
73.57509741775176,81.19124217787098,1.0
20.00330407636038,91.84550303864701,1.0
85.5699400926863,72.56495747941996,1.0
132.02454348413505,92.23882690288953,1.0
89.76428705076943,94.02768981023777,1.0
127.39402000247155,108.78626134689311,1.0
77.76567740970327,103.20182440954905,1.0
108.29563065892924,94.08697207600628,1.0
133.33795022460626,96.48787325732322,1.0
97.62722081756876,89.03402378468377,1.0
142.74348541978597,106.66384963666948,1.0
67.10129784601459,103.7503298993481,1.0
117.91868138146549,103.1783822351423,1.0
92.03895088427679,112.00909800461851,1.0
96.46607937819154,92.8923834260719,1.0
65.24151715240575,97.32636505737379,1.0
71.61382547260037,106.75543927492492,1.0
74.91674579551886,105.61625884956136,1.0
70.49624092019342,100.75917548341765,1.0
100.13080125689484,112.3155789395797,1.0
178.8559365780855,95.5821895167073,1.0
93.93579997863937,103.98127352055344,1.0
103.86903762637864,105.70659207640841,1.0
87.12346904827297,91.08373069935452,1.0
66.70435885116765,92.84565268000362,1.0
141.75305040287685,92.4173736782009,1.0
76.94262297938741,108.7593203146094,1.0
2.949617836365519,97.88168273249556,1.0
88.61651166525319,95.12045229805557,1.0
112.32688515861904,99.62613871005291,1.0
89.82809560134532,98.25664945014525,1.0
106.41044124760889,118.91210598925264,1.0
71.57337861343812,91.23589995367882,1.0
121.90694327172417,88.554128088873,1.0
85.14810380788401,95.83439215340508,1.0
60.11911309675077,94.89945941915587,1.0
105.5716584869512,99.0903984048724,1.0
92.49395280629125,105.20176775081873,1.0
121.12860016245544,104.37608060561132,1.0
169.27043351522602,96.19085862349829,1.0
65.40360368518594,82.30145259863123,1.0
81.75296238593529,87.19536025772288,1.0
124.9698156541243,101.95619855091326,1.0
38.880128261384705,96.67974471542108,1.0
77.92340328029515,104.54364379040324,1.0
102.67587668069176,91.7539651757237,1.0
96.24583575480072,109.76605618718048,1.0
99.66681177085984,118.72258826696111,1.0
90.06328523066608,122.3254401554486,1.0
116.41047442602479,100.43953797233405,1.0
128.1783538509022,96.11316033031326,1.0
143.32072275141843,96.0175535565713,1.0
81.00819722991736,105.20200216430706,1.0
106.88161015561805,97.87387247267937,1.0
50.6888181183646,103.2357764215303,1.0
99.43512197814479,102.09762231381865,1.0
137.73849920024816,115.65746275111866,1.0
85.9762820930707,91.06766451696777,1.0
92.54172707091269,93.87669477647893,1.0
45.560903388349814,103.01868284444691,1.0
106.30805094180789,98.42046850551796,1.0
122.18848145331374,104.41839906983459,1.0
109.0561849493454,91.77695259554088,1.0
96.46049359527576,95.56676675881944,1.0
45.813299373551416,93.88233951517573,1.0
92.59056816930718,85.34144077591714,1.0
105.09234299408094,99.12861192323702,1.0
76.9541415837225,104.73858781531956,1.0
110.19814993788509,96.31203699879575,1.0
114.86149275640577,91.60237705157917,1.0
78.11302793649307,89.59142806077877,1.0
97.35748596732718,96.288773571425,1.0
101.61593620740354,114.83406656963848,1.0
184.66070530312106,101.97675157428222,1.0
112.81926170248718,105.88466369876588,1.0
135.0276152345291,102.06668486208503,1.0
58.21124731904358,102.74945673985715,1.0
96.06271799502238,109.62233594067455,1.0
100.59335613780064,84.30924536684523,1.0
150.10079898218117,101.95325874084469,1.0
109.18639672857405,96.81838588430278,1.0
85.8377025875388,83.68300959305695,1.0
140.49894770656843,103.02115907496221,1.0
88.28415116800068,112.38061966688696,1.0
94.98567778481133,103.85443394412957,1.0
145.81277390625976,101.52508030195591,1.0
56.37007783761946,93.40315054450944,1.0
127.4270865568396,92.40373594587898,1.0
151.57816880634044,111.32172995305514,1.0
75.86657688909267,111.7865297698576,1.0
99.01426570326309,105.16830571562816,1.0
86.34381799565938,117.09049859546572,1.0
79.76568844264497,120.42731206897929,1.0
129.75952351383793,100.57568207854672,1.0
117.7165391472385,104.8105028895073,1.0
94.07409527169689,86.74753824090807,1.0
125.57897752977172,89.71297362958754,1.0
28.132417308934905,108.2700782992196,1.0
79.78704741388174,104.98824188627998,1.0
102.45703622494993,99.06583869342707,1.0
113.65979274170014,95.25115339468988,1.0
100.68191541407967,104.2531373549579,1.0
141.6583555762917,99.90419616083133,1.0
109.95452126249147,108.76943675205632,1.0
94.58238061519702,102.92124272798816,1.0
50.69135744141038,93.21877991529703,1.0
88.24043335892657,96.8364252496672,1.0
92.65344366185039,100.47560625208942,1.0
136.5401196420471,101.24074316533039,1.0
123.52999588323318,125.25037652377334,1.0
113.64341260551626,119.07058364794969,1.0
79.61045689415258,97.31197648636046,1.0
105.12693820100935,100.03716774236604,1.0
92.43705581971653,103.67060045989338,1.0
90.31748696004588,104.65802304154028,1.0
120.76944868213202,85.50575917426859,1.0
88.22112454301899,109.9699478729064,1.0
140.30265189590992,89.80833786286851,1.0
101.29227375219763,110.36395678249856,1.0
81.62210538576022,96.8519902928682,1.0
54.78019289510853,104.3152214960988,1.0
77.71235393291845,77.13926590502479,1.0
132.4564780598798,105.07500128764441,1.0
103.94455362064329,81.55939928775278,1.0
73.39546363490102,100.01036814327438,1.0
64.54921737923027,103.91933517567489,1.0
159.56784570165476,100.31892492302198,1.0
133.01626656368242,81.17140502689053,1.0
100.51228036757787,98.02096405754413,1.0
86.27036770605861,108.47277734362486,1.0
127.37037968482873,99.17932990730276,1.0
58.65945802284893,103.39706165174422,1.0
122.20844635024184,102.96940563002896,1.0
136.10697736156692,114.61517633289981,1.0
118.68738041875376,95.42797622471694,1.0
110.6913102240437,86.56691961040782,1.0
113.0018923928119,121.14296532356514,1.0
72.25814947292304,105.13651855072253,1.0
64.38996829288706,91.5424964640658,1.0
102.04042009502093,114.74443830891185,1.0
77.88623795054363,101.8419743596411,1.0
70.48438005097955,106.15483694580409,1.0
118.54104828770713,103.46882938004389,1.0
55.1253195719368,111.8922426590718,1.0
110.22075498084698,103.88696051182853,1.0
114.64890069107693,97.05827320642727,1.0
59.77389291871175,102.30472896303414,1.0
103.77681397213283,89.31167618428643,1.0
90.13285342498158,97.97301061176279,1.0
143.06707664885886,101.75213366198182,1.0
82.3025137258321,92.57996956257801,1.0
124.85176555812396,97.40075115325979,1.0
83.61282442281563,110.57546204429194,1.0
135.86495823247947,111.75138768564572,1.0
102.09909279753765,112.05057342385325,1.0
80.63328593582959,106.9197979654689,1.0
140.09941410321565,85.82564432401095,1.0
55.673234282159996,100.32189005772757,1.0
133.69405053281582,99.74068054303739,1.0
140.19569374899106,104.36747697275925,1.0
109.65196943070326,99.25205248028008,1.0
73.6828006006756,84.78763229679113,1.0
94.77679546188384,99.313225063258,1.0
125.63961955288589,101.37314339096902,1.0
106.80139069288035,106.469099882873,1.0
147.20066129020572,100.63152944939047,1.0
68.8519924666225,101.93027690685275,1.0
67.7155014224146,91.3585515541849,1.0
113.77886590800935,114.19478970142205,1.0
146.78179021488307,90.99088835187428,1.0
115.32229413771346,98.32232132708572,1.0
58.024245755777,103.75856873587361,1.0
102.34213465763315,108.1926142420335,1.0
161.56022038553348,93.70300081352102,1.0
92.47721539207114,98.02020574447768,1.0
76.33198812984323,94.52551086965981,1.0
156.2805959907318,105.73168555338758,1.0
139.79623648412544,97.53526105971736,1.0
42.47741315523949,108.03571076870774,1.0
74.76519385813677,85.92486173535394,1.0
115.46636030643162,116.25554925936927,1.0
95.55540255802687,106.7493539015548,1.0
119.29496589397296,100.81786657736991,1.0
85.02106813461256,100.36645698585792,1.0
139.48706839153758,124.28495778711331,1.0
120.73378625800687,105.4439846433827,1.0
138.07883563013647,100.69882627167848,1.0
81.96482708888041,99.72240580791869,1.0
121.72555104213473,87.34018611959223,1.0
95.24662793419533,104.26426716890211,1.0
98.00390929787822,99.93457982017554,1.0
153.17418358415034,87.02820901611278,1.0
139.66937264724965,80.1004071833368,1.0
59.28393959840052,82.06717724797477,1.0
113.01318269544574,102.7008988836067,1.0
91.65358700261012,97.35551024297254,1.0
82.08968530016104,96.201629789997,1.0
94.15072860765082,106.4907619552587,1.0
89.99122289301553,107.10043470036237,1.0
100.64891529425259,123.20072609028338,1.0
58.556527445910795,102.45940192613057,1.0
90.81046719360413,101.52066733151153,1.0
106.21182060906649,110.3432474779032,1.0
129.59730659416195,110.1547866616895,1.0
109.59323629878821,108.0511061361433,1.0
105.72577732741323,100.02106622926273,1.0
83.73468072868539,95.64865078603817,1.0
110.53526304806809,101.64048829192079,1.0
123.44170873621604,103.53712606306549,1.0
88.20839682299342,86.78250957211154,1.0
114.9525152445872,90.5795481694527,1.0
69.74126388607903,107.0504960637608,1.0
86.95897508874461,90.15083594153195,1.0
80.9692906180199,90.44306241096362,1.0
-51.948723694168606,38.70127531969961,2.0
-63.55693866044548,42.1442301613078,2.0
-49.31094604269586,40.915954635621894,2.0
-59.19714859931797,25.203073329812526,2.0
-32.64888565879677,17.122796773720275,2.0
-46.62712944512307,37.95240311224998,2.0
-56.11422575931045,30.624367458376426,2.0
-55.77078639471189,36.28621286215186,2.0
-62.57445289637646,22.992204561410286,2.0
-43.90477350492614,33.76248446442356,2.0
-46.65662273651245,23.020119748526774,2.0
-47.38403999910765,28.050576716443633,2.0
-46.2004735524326,40.07086903267816,2.0
-55.59346062468816,36.245514947598274,2.0
-58.95874979764912,42.664108676240986,2.0
-48.04971974944262,29.001298817308506,2.0
-37.617170734511404,23.18839531003863,2.0
-57.337780126424484,31.882356074936425,2.0
-49.94700262886097,38.845360628658156,2.0
-50.03853260640134,27.798837278963045,2.0
-61.31754801418728,29.62758793149693,2.0
-57.13061335647058,11.458586138979609,2.0
-60.9090829139133,24.21279971723584,2.0
-61.58552570579727,40.81144466500985,2.0
-51.84812386402274,2.37039722950097,2.0
-58.74667437454391,29.524268085137145,2.0
-50.95477057255741,44.004212080667486,2.0
-55.97957019385999,36.02384070172345,2.0
-56.19797514483706,47.21899889565738,2.0
-44.58250586688016,26.496766083224696,2.0
-59.60775600018938,33.90483625113982,2.0
-42.174433725941945,7.179917119348126,2.0
-46.51784911046282,20.5556496600232,2.0
-64.43110553261529,33.77235350771991,2.0
-34.188337566568535,45.4654031730538,2.0
-46.565294844157684,39.46302328201915,2.0
-61.417161669602564,22.362143745453594,2.0
-55.89399217182107,53.373854159318086,2.0
-46.843165601077864,44.36529119745567,2.0
-52.16296618620118,25.623453249098837,2.0
-37.62455592147997,24.41949899453444,2.0
-72.76392617522411,8.11510115146038,2.0
-47.151844151462775,37.33292466243303,2.0
-48.63836352312158,3.281154765293998,2.0
-43.66213208289222,25.48010700494342,2.0
-53.2368760938603,22.29087512145805,2.0
-51.26247521116641,28.695769804931604,2.0
-45.58610816135061,24.630317906685768,2.0
-60.21853678858576,21.074789984601487,2.0
-55.35595321330782,33.3076420769152,2.0
-65.0172407225933,29.285741667296506,2.0
-47.39612384201241,36.528295335625415,2.0
-44.290412566606776,48.20841198594385,2.0
-58.14519852951971,27.536923004300064,2.0
-54.836943767243866,47.262536907808226,2.0
-41.16314578189538,28.890676080318457,2.0
-34.13022520187534,31.991104828562566,2.0
-35.12168467565372,23.44555073896302,2.0
-59.507777945994164,44.62675429210944,2.0
-59.80047639813896,36.15231593950028,2.0
-55.01399523837138,26.14283839266632,2.0
-48.97710114444424,32.077131415467825,2.0
-43.908689897210856,25.108911225885223,2.0
-59.44658788503502,55.906589226387936,2.0
-28.87776872885055,37.68796906904948,2.0
-50.349621066509364,29.063544644029975,2.0
-39.355382261949245,28.463086526175758,2.0
-31.289033111082215,41.95251701192038,2.0
-45.90200438858529,31.949346669701864,2.0
-32.663614037800514,39.98398533820341,2.0
-74.64038507952903,37.62345376113141,2.0
-43.46522874035391,17.0900188424688,2.0
-40.09893459514264,40.07561393127005,2.0
-54.734745237425436,35.93271433608879,2.0
-57.03039550760319,24.655449046673716,2.0
-34.55289053976961,27.291589690234943,2.0
-44.444548109478966,1.8008402961133108,2.0
-41.300040453565856,17.836324027831918,2.0
-54.19440382923978,26.010233179834334,2.0
-47.64398083853667,22.641020041661193,2.0
-66.58673185175023,41.3229078198221,2.0
-37.878422193054135,52.0414703818949,2.0
-31.681779639413236,29.291063737160446,2.0
-55.17073515032355,40.314903378043326,2.0
-58.24725386639516,34.704296091586336,2.0
-33.09125725172294,29.839703196982015,2.0
-22.416489433383745,31.072500002020323,2.0
-59.61327421711002,35.907387023648,2.0
-56.73244398062143,27.59829096144306,2.0
-53.57815490141006,25.705368066573943,2.0
-45.25538254223892,18.276073907309772,2.0
-57.37325942678136,34.7443915830233,2.0
-52.196724920211324,19.109793800033447,2.0
-45.33084683624852,34.392523567571736,2.0
-53.39892269749485,32.640126927699,2.0
-59.94201580025101,20.409270360135498,2.0
-54.01845629054535,25.439909408510758,2.0
-58.470478876844,13.88708233042371,2.0
-44.27069640230266,23.642163735550284,2.0
-37.95743458897368,36.936384081902006,2.0
-45.922686238313716,43.50368789917753,2.0
-45.60636002105483,30.117389842178284,2.0
-64.5507436479493,21.646110075911643,2.0
-43.19124088466258,49.96093681808554,2.0
-59.01123779902609,44.07869522252324,2.0
-30.811136902041522,46.229156403576184,2.0
-44.61927571088855,54.54082042272688,2.0
-48.18825151846328,35.44693213091722,2.0
-70.00567120042422,22.61339704288998,2.0
-58.67326639813336,19.438728337236327,2.0
-63.56611276984974,34.89311080516583,2.0
-53.11526245076901,34.713776829302084,2.0
-53.172180532447555,31.798696556534868,2.0
-50.12174612131991,16.863294876366794,2.0
-51.013588842068735,39.263843540750216,2.0
-68.10665648441893,48.20320233432859,2.0
-40.57098373624925,33.48287712126968,2.0
-31.4581298900559,41.48775084757575,2.0
-45.56750844214411,37.39256748383544,2.0
-51.85767803492331,43.128658700983955,2.0
-38.46326995869784,36.00676698976858,2.0
-53.85444806474755,32.91358475770377,2.0
-79.69291879043291,29.54796452975083,2.0
-41.672604099467165,32.378490012301135,2.0
-50.33677306984157,20.96396647630703,2.0
-51.64693445286965,38.72761808475699,2.0
-45.98469741417943,40.69743032313761,2.0
-55.95287679464987,31.91484316829273,2.0
-53.92562654226042,23.73561033802461,2.0
-53.75673296368527,32.48692862088378,2.0
-51.69853858696703,16.565686221234923,2.0
-59.00885259992405,37.76732730052581,2.0
-40.25602495388704,27.029304020401096,2.0
-43.6999052671545,30.24527032224568,2.0
-41.04661865878077,32.337500231130676,2.0
-40.75168822647018,24.870559454969737,2.0
-41.81259810239602,37.49011350963938,2.0
-44.105981660063144,30.350498194535167,2.0
-37.942534150943864,34.85489193328653,2.0
-50.03956073920845,30.905945827729447,2.0
-46.75217774754509,23.21072853178471,2.0
-51.80141766670314,40.59367936377793,2.0
-52.12783752465537,7.97520412857979,2.0
-50.97161480806449,37.55449642946196,2.0
-49.52828328939879,18.752538252208886,2.0
-53.807738716179266,32.59742038773573,2.0
-59.33664785737803,46.22258190022847,2.0
-53.46086388268356,35.098055962942816,2.0
-62.711894965242564,35.136006717665545,2.0
-36.62954861904848,29.189763558562344,2.0
-44.186184964211876,20.689194048596086,2.0
-35.07178216790003,18.274611119089812,2.0
-45.38869117761833,40.62712656994695,2.0
-46.39283325181792,28.047033281764826,2.0
-51.4607435241243,28.48103151694108,2.0
-69.0418631513576,27.658736360717096,2.0
-51.024415645476886,24.52969816638921,2.0
-66.2161161481898,19.814758214047043,2.0
-43.27924164392089,21.04919156418826,2.0
-46.07378491642952,50.296478800553686,2.0
-48.10311284968752,40.23107874650587,2.0
-51.198288184295194,32.94663226620961,2.0
-60.71312649553082,28.940317298856346,2.0
-65.71135074621095,9.062991832760758,2.0
-49.37977609581227,27.255872393227992,2.0
-51.68217939860662,32.639845695335815,2.0
-41.694164232062995,14.509947300530733,2.0
-38.86024649150816,22.13795456152519,2.0
-29.05758564715898,30.44815619859153,2.0
-55.262351772571044,35.69329307816801,2.0
-43.88407423693466,38.785064316182684,2.0
-45.059866747035315,13.472344548244365,2.0
-53.946832447504306,38.615087841658266,2.0
-56.22535944516488,30.865045987097734,2.0
-43.66097273593476,25.8687484780854,2.0
-51.83921114252609,25.452525081554267,2.0
-61.225112228409174,23.696303217481756,2.0
-39.42153137047614,33.48637979778866,2.0
-74.6205664644896,31.006540196776957,2.0
-60.089855174061626,22.279778573205817,2.0
-51.97538073960079,29.727764957240844,2.0
-53.84327791401542,25.85056161944197,2.0
-41.8474046480523,20.247626663925132,2.0
-55.50412276798003,27.97440187191841,2.0
-58.317903788415975,34.37169486701824,2.0
-57.34619246191802,19.413447698629085,2.0
-42.61737071473962,26.093998767574746,2.0
-37.59313294452761,22.373947267972554,2.0
-60.33929775648977,13.392826040331833,2.0
-57.00631487245301,41.08778938891971,2.0
-38.0868503494835,32.07741628734247,2.0
-50.011718189850484,44.163599675604075,2.0
-62.233204310420234,16.67975406514531,2.0
-57.59268960986779,36.23312621496749,2.0
-59.701316495207756,28.680361704237434,2.0
-56.359879209967616,6.58868541623395,2.0
-52.075575992817804,22.07849445573551,2.0
-51.988609497006735,21.758297674065677,2.0
-65.05039671184477,53.20769408013187,2.0
-54.83725216837318,38.61065473167345,2.0
-47.68068120397754,23.976253403587577,2.0
-61.71852848276906,21.900130968453347,2.0
-49.24531067572083,25.164332537905857,2.0
-43.529446548479605,35.57398571552976,2.0
-43.111874731571156,40.10565746470165,2.0
-38.42921038545019,24.757645882908427,2.0
-74.25419883701943,42.943319212332334,2.0
-46.77806973320084,16.449450017505754,2.0
-47.67218824950635,32.16071203979795,2.0
-55.032357744580665,25.49033617348321,2.0
-60.67475786154399,35.88256521653904,2.0
-33.80718296713013,9.582243575296722,2.0
-33.346526055597224,29.841094040606094,2.0
-50.44730497563061,28.37790959184549,2.0
-48.34965035209298,32.523287928490944,2.0
-38.123099047068834,30.740531116120696,2.0
-53.90592891633242,28.629887692976297,2.0
-35.39334532466929,19.790370831542152,2.0
-51.4925101000654,24.500505944934197,2.0
-50.989571611184346,40.612720156424245,2.0
-65.48133162085074,30.295768309145867,2.0
-64.34029907915638,18.524822416493844,2.0
-42.8254529527827,30.205524694571643,2.0
-42.01965289811976,38.926857500406214,2.0
-54.674174585824176,37.12163435232237,2.0
-59.062004801211955,52.359096886198,2.0
-50.53720828498702,31.629363823311774,2.0
-46.49748517733985,-3.4541383259889074,2.0
-47.15110252250072,36.4491532741348,2.0
-53.92566626975654,23.5135346268782,2.0
-57.561080101842826,49.910532594432055,2.0
-56.28091423367453,23.153078436191173,2.0
-43.41536310858568,39.31413881619619,2.0
-46.99324527655981,20.8608655866373,2.0
-34.1371979146609,34.01031306887063,2.0
-56.71174914519341,38.800606095498964,2.0
-59.71890546425137,24.220245287559976,2.0
-73.25206150490486,43.76681183929905,2.0
-38.35684233422923,23.299499365059138,2.0
-47.73844445325421,38.05647482151416,2.0
-57.98753937628151,28.5282697962792,2.0
-38.5211224708031,12.80760401811725,2.0
-59.92684550000145,38.81704829338088,2.0
-44.891823201198164,41.71520203839152,2.0
-68.97178165995173,33.39077989892599,2.0
-42.49051414220158,30.812599351853013,2.0
-57.26766613833172,38.22195127983463,2.0
-58.25196078793175,44.911641983332316,2.0
-41.28932292457014,24.349869363680867,2.0
-48.548227677665835,24.00732111264488,2.0
-53.06846113340775,36.003089306105856,2.0
-37.76358476635103,41.3872519184484,2.0
-63.31928509777413,19.810944698114696,2.0
-41.64945468095366,29.34332050105147,2.0
-25.748368823250868,19.033904462820075,2.0
-48.518884641879986,45.48172475910192,2.0
-48.52018495561272,42.51079031039974,2.0
-60.30214498914499,24.410923885232656,2.0
-51.42173997030848,44.58683720187379,2.0
-47.919124969650085,21.872471098091328,2.0
-59.45363853883006,27.821705454620343,2.0
-45.61491034508934,40.457457503285504,2.0
-51.71795889360944,17.43152865936967,2.0
-48.547547079958356,31.682536766076623,2.0
-47.80206913434338,23.317893441743408,2.0
-40.86043547884036,26.553871021019575,2.0
-46.8097809009469,10.956414722702029,2.0
-53.317714722744476,34.35327753413815,2.0
-30.631838846589307,45.736710786080806,2.0
-33.09787139946553,15.926989277584592,2.0
-45.8765974117864,35.36780846041795,2.0
-52.20223230896286,26.428746683236234,2.0
-60.53205723836005,20.226602742222568,2.0
-62.848027254884016,30.972721548604994,2.0
-45.078432219029324,11.955507011907965,2.0
-34.693535365567215,26.85182673404141,2.0
-40.602670256312834,26.698751725808233,2.0
-51.58406174554411,11.405912460012292,2.0
-51.49544823641264,36.564788826813604,2.0
-59.26609227207221,21.88514241282218,2.0
-48.06502916781812,45.70102353511,2.0
-44.19926259447941,25.10943249505693,2.0
-34.54769124662146,31.22138848016882,2.0
-54.63380805164395,41.009266236736686,2.0
-51.406706291194084,19.365778445913215,2.0
-42.18036146212494,25.94031942586444,2.0
-64.97119702418183,23.90432735557912,2.0
-64.7208646733027,32.77541816840988,2.0
-54.80977394533158,34.90042236810673,2.0
-46.02021738064811,35.349314031710925,2.0
-56.23681811584689,19.683300466901837,2.0
-52.29033242386265,37.40931318408901,2.0
-65.7113755981549,27.19853554978657,2.0
-36.97423134958804,28.667787013591887,2.0
-38.595925379523194,21.877812277900787,2.0
-44.25274056991696,24.964444378267565,2.0
-38.77598262672784,15.381939259189856,2.0
-45.76559705028366,36.50676748355791,2.0
-56.39633043930068,16.363417893046023,2.0
-65.28525722756834,33.57886694497435,2.0
-38.031243628571936,27.684142116022077,2.0
-54.53239659863217,30.192000397781868,2.0
-51.00623042737384,12.678385366725141,2.0
-51.83120813386583,45.061251070151556,2.0
-47.96164419099998,37.9022631242501,2.0
-40.6195697585853,28.44774964970793,2.0
-38.280498921718916,38.93569719319538,2.0
-60.73174738625555,41.54999649711802,2.0
-34.95626597633486,23.004779180147516,2.0
-53.46569407649604,39.37660092673334,2.0
-58.63625784986818,25.335055551807198,2.0
-32.39041405290415,31.424606355269013,2.0
-43.21407480605069,28.905297531371627,2.0
-44.48884513522142,30.703492418227306,2.0
-53.620751574787406,26.11716869149555,2.0
-42.748657062510915,56.65175984418835,2.0
-37.56290452576549,29.44520708724956,2.0
-38.30205003923909,26.252415275907957,2.0
-64.34382477820655,29.52939519254727,2.0
-49.601877049931424,21.882642073752635,2.0
-46.875114632028705,29.192258093733635,2.0
-52.504694063974334,15.143625483161696,2.0
-62.42998294850811,24.684476099343847,2.0
-41.88115915141129,35.24817404299161,2.0
-59.65668959577219,44.89229554176349,2.0
-49.815511711505955,29.41559710771932,2.0
-51.061514880402946,29.82393778715182,2.0
-58.82390797821237,29.592922542402555,2.0
-51.43910736518825,31.541373925926113,2.0
-32.277811038560024,30.166568755761634,2.0
-63.73179905399253,37.05338702822466,2.0
-37.38710450266488,29.39376186785957,2.0
-47.30669950033352,25.750075719531225,2.0
-52.29287821372283,41.33766997721466,2.0
-55.97468606661085,50.97988097036456,2.0
-66.02372316192807,30.09885898417173,2.0
-51.09368412437393,43.71975292557515,2.0
-60.21260607505398,25.923768490287962,2.0
-47.871967059027334,37.87656757660052,2.0
-49.42962924493927,36.167770429024856,2.0
-40.88919949039938,25.9369835572992,2.0
-37.96014791269904,23.587518017889032,2.0
-48.68819455183704,34.38133769148919,2.0
-31.80078464894908,33.28547480827371,2.0
-51.272427674430915,36.66045267850066,2.0
-42.38210311588217,26.365892024614027,2.0
-35.71183323381288,15.218941319429774,2.0
-36.78728423054117,38.99641770526979,2.0
-80.89814415835767,34.194101069926305,2.0
-51.752557438212385,20.540323808352575,2.0
-33.04535105827086,25.44858540642152,2.0
-52.881599827215936,27.20780281120671,2.0
-39.24552812405019,14.937794064069989,2.0
-50.072609572368506,21.37504243688339,2.0
-47.55101650090178,28.25196378561252,2.0
-28.313849469479525,32.93685788377722,2.0
-43.76091805206505,28.7325635213775,2.0
-29.843786693782665,31.537720833713514,2.0
-41.64504611817432,30.519419902830368,2.0
-46.143391690419136,12.42363896469525,2.0
-45.532844470737686,23.305778919862323,2.0
-61.39831156197384,22.206037804820646,2.0
-36.09228298112725,14.85710694135449,2.0
-47.2587175058715,36.553813556909375,2.0
-47.77216178492188,44.37487589239306,2.0
-49.44668479848804,36.71621811365912,2.0
-49.87308346190154,49.86925083067951,2.0
-46.92612850081233,35.75281366257222,2.0
-48.868555340268415,48.95087439908127,2.0
-59.631240173354705,15.328096253942796,2.0
-44.4072370685647,42.76704687084338,2.0
-56.61970812764153,19.873671172537275,2.0
-50.29325299607459,27.624358975663483,2.0
-67.2507709358391,26.80220450553696,2.0
-53.770369883299225,31.3342136827156,2.0
-58.030915896347736,25.937747083180643,2.0
-35.55423605830585,13.407332368013556,2.0
-52.894458182090645,23.467896477172054,2.0
-44.54104245034734,49.38752767605454,2.0
-65.52066282778894,10.294278814830555,2.0
-27.49589423867817,52.506540642704564,2.0
-46.70226828136192,35.58900951984768,2.0
-54.22253239306759,8.44299569472135,2.0
-48.225643359019244,15.155718509312559,2.0
-48.195283192705325,40.83848424417992,2.0
-36.12310752780196,10.719824191273592,2.0
-44.57034055810847,35.56058702572088,2.0
-69.96787376581032,27.78968289207042,2.0
-55.364004623725855,29.40731723446338,2.0
-49.50274541907018,34.511796744881345,2.0
-52.99603552839404,23.181281266483058,2.0
-46.44383391523433,22.9988082575292,2.0
-47.45265343370297,14.675322281204208,2.0
-55.2835008721736,17.607966431337218,2.0
-47.39155212777414,29.135506130664396,2.0
-45.51888267959573,29.233046906506786,2.0
-29.203593928461675,28.957082723449396,2.0
-26.501019157822803,41.68845682507271,2.0
-47.23761550287681,35.05261230129899,2.0
-60.88582306735228,38.31245861776418,2.0
-35.200129443640634,27.258558444805296,2.0
-33.138904822766,20.109336322590014,2.0
-66.27152199082776,23.664394089061588,2.0
-46.77071355744265,30.192265609427526,2.0
-34.27793153892139,22.442806016728042,2.0
-65.64913367647071,18.698009514931663,2.0
-48.50368497966125,18.926324455873853,2.0
-54.019101545178316,30.59806629966841,2.0
-52.27714631807469,28.508990395361185,2.0
-46.37557418242349,28.74743329902465,2.0
-68.32118815173924,38.07683798548864,2.0
-58.34522735307493,35.57574415245148,2.0
-61.091982509146135,16.654115853298045,2.0
-40.63891246400203,39.85854630739018,2.0
-75.60563321304949,31.04703664754747,2.0
-62.93715961875924,45.36441552407985,2.0
-50.1760932981836,31.183035337989054,2.0
-70.92914629647444,40.20894949552154,2.0
-60.351688753513876,2.7138102732715197,2.0
-47.23929007896661,27.90197915445152,2.0
-54.412553544031304,20.855256698842233,2.0
-41.45859511602842,25.10650584227775,2.0
-32.61170811113293,33.768697107626956,2.0
-45.79151553716628,16.683766608241832,2.0
-40.74727149712261,23.043488359261943,2.0
-66.50737063349918,27.241908527611248,2.0
-51.55627859213269,29.833800460392297,2.0
-67.2533480830669,16.31734424303425,2.0
-55.51783877220042,31.483221409683644,2.0
-46.77243151502097,35.04722792408761,2.0
-43.897223848204014,37.808049335397925,2.0
-57.243225081154435,32.645226835868804,2.0
-47.018707511813005,37.08590595300843,2.0
-44.99494759591496,16.844125961713623,2.0
-43.74501597880739,23.7583536519905,2.0
-47.47479694482725,23.68115003538401,2.0
-49.8813478493797,30.3403987889632,2.0
-47.75354309090288,28.03046591324851,2.0
-43.27977381417056,26.760164635436105,2.0
-44.91619574554868,42.07610173492683,2.0
-56.57448059128296,34.512905528640545,2.0
-50.00091809463588,39.73285049785708,2.0
-48.22399287665378,50.31174318444707,2.0
-56.01461528340771,53.60038522061211,2.0
-38.1992182975295,25.235006914748617,2.0
-76.64194254248616,24.025422545458785,2.0
-35.4584094736546,38.2659930549735,2.0
-48.58894443660443,21.946707827603998,2.0
-27.37709420959202,38.55873224816543,2.0
-57.53881085796077,30.79872233777602,2.0
